system:index,median_harvest,year,.geo
0,213.775968,2004,
1,212.7630693,2005,
2,209.4893586,2006,
3,207.2191335,2007,
4,214.7141777,2008,
5,210.2428956,2009,
6,199.2877472,2010,
7,212.2302585,2011,
8,200.7546909,2012,
9,195.7375107,2013,
10,199.2372187,2014,
