system:index,median_harvest,year,.geo
0,227.274007,2004,
1,231.2702297,2005,
2,222.2351302,2006,
3,218.4660414,2007,
4,224.5623599,2008,
5,220.1949711,2009,
6,209.3346359,2010,
7,224.7625803,2011,
8,213.7093757,2012,
9,210.0836923,2013,
10,211.2940856,2014,
